[
  {
    "id": "c2e960d9-2fac-46b4-8300-b62de7fee77c",
    "name": "GitLab - Get All Commits",
    "description": "",
    "icon": "https://s3-xmatters-static.s3.amazonaws.com/null/customers/aa4ff4cd-06da-460c-b2d0-bb34ad66da69/IMAGE__20200505185833564__gitlab.png",
    "script": "var gitLabRequest;\n\nif (typeof input['API Token'] != \"undefined\") {\n    gitLabRequest = http.request({\n        'endpoint': 'GitLab',\n        'path': '/projects/' + input['Project ID'] + \"/repository/commits\",\n        'method': 'GET',\n        'headers': {\n            'Authorization': 'Bearer ' + input['API Token']\n        }\n    });\n} else {\n    gitLabRequest = http.request({\n        'endpoint': 'GitLab',\n        'path': '/projects/' + input['Project ID'] + \"/repository/commits\",\n        'method': 'GET'\n    });\n}\n\nresponse = gitLabRequest.write();\n\nbody = {};\nif (response.statusCode >= 200 && response.statusCode < 300) {\n    body = JSON.parse(response.body);\n    output['Commits'] = body\n} else {\n    throw \"Cannot get project. Either your project name or authentication is invalid.\";\n}\n",
    "endpointLabel": "GitLab",
    "allowedEnvironment": "HOSTED",
    "accessibleByAll": "NotShared",
    "scriptStepType": "USER",
    "inputs": [
      {
        "id": "a6028d99-a82a-44fa-bb88-97710fa41b1a",
        "name": "Project ID",
        "helpText": "The ID or URL-encoded path of the project owned by the authenticated user",
        "defaultValue": "",
        "multiline": false,
        "required": true,
        "maxLength": 2000,
        "minLength": 0,
        "position": 0
      },
      {
        "id": "7d4af346-1e71-44f8-ac25-d466746e3f60",
        "name": "API Token",
        "helpText": "Personal Access Token from GitLab",
        "defaultValue": "",
        "multiline": false,
        "required": false,
        "maxLength": 2000,
        "minLength": 0,
        "position": 1
      }
    ],
    "outputs": [
      {
        "id": "a9282348-033f-4f88-9a0b-5fe36a907e1c",
        "name": "Commits",
        "position": 0
      }
    ],
    "libraries": []
  },
  {
    "id": "6032b558-855b-40b1-9b47-fa1a1b25d62c",
    "name": "GitLab - Get Projects",
    "description": "",
    "icon": "https://s3-xmatters-static.s3.amazonaws.com/null/customers/aa4ff4cd-06da-460c-b2d0-bb34ad66da69/IMAGE__20200505185833564__gitlab.png",
    "script": "var gitLabRequest;\n\nif (typeof input['API Token'] != \"undefined\") {\n    gitLabRequest = http.request({\n        'endpoint': 'GitLab',\n        'path': '/users/' + input['User ID'] + \"/projects\",\n        'method': 'GET',\n        'headers': {\n            'Authorization': 'Bearer ' + input['API Token']\n        }\n    });\n} else {\n    gitLabRequest = http.request({\n        'endpoint': 'GitLab',\n        'path': '/users/' + input['User ID'] + \"/projects\",\n        'method': 'GET'\n    });\n}\n\n\nresponse = gitLabRequest.write();\n\nbody = {};\nif (response.statusCode >= 200 && response.statusCode < 300) {\n    body = JSON.parse(response.body);\n    output['Projects'] = body\n} else {\n    throw \"Cannot get user. Either your user name or authentication is invalid.\";\n}\n",
    "endpointLabel": "GitLab",
    "allowedEnvironment": "HOSTED",
    "accessibleByAll": "NotShared",
    "scriptStepType": "USER",
    "inputs": [
      {
        "id": "94128652-9690-47e9-aa56-f16dcd9f3209",
        "name": "User ID",
        "helpText": "The ID or username of the user",
        "defaultValue": "",
        "multiline": false,
        "required": true,
        "maxLength": 2000,
        "minLength": 0,
        "position": 0
      },
      {
        "id": "9f26f28d-8bed-414d-8ab7-90f1e2686f20",
        "name": "API Token",
        "helpText": "Personal Access Token from GitLab",
        "defaultValue": "",
        "multiline": false,
        "required": false,
        "maxLength": 2000,
        "minLength": 0,
        "position": 1
      }
    ],
    "outputs": [
      {
        "id": "f1c447b2-4706-4da1-817a-14141062e494",
        "name": "Projects",
        "position": 0
      }
    ],
    "libraries": []
  },
  {
    "id": "d9f5c515-e6cc-4365-9867-b9454cad52e4",
    "name": "GitLab - Get Single Commit",
    "description": "",
    "icon": "https://s3-xmatters-static.s3.amazonaws.com/null/customers/aa4ff4cd-06da-460c-b2d0-bb34ad66da69/IMAGE__20200505185833564__gitlab.png",
    "script": "var gitLabRequest\n\nif (typeof input['API Token'] != \"undefined\") {\n    gitLabRequest = http.request({\n        'endpoint': 'GitLab',\n        'path': '/projects/' + input['Project ID'] + \"/repository/commits/\" + input['SHA'],\n        'method': 'GET',\n        'headers': {\n            'Authorization': 'Bearer ' + input['API Token']\n        }\n    });\n} else {\n    gitLabRequest = http.request({\n        'endpoint': 'GitLab',\n        'path': '/projects/' + input['Project ID'] + \"/repository/commits/\" + input['SHA'],\n        'method': 'GET'\n    });\n}\n\nresponse = gitLabRequest.write();\n\nbody = {};\nif (response.statusCode >= 200 && response.statusCode < 300) {\n    body = JSON.parse(response.body);\n    output['URL'] = body.web_url;\n    output['Author_Name'] = body.committer_name;\n    output['Author_Email'] = body.committer_email;\n    output['Timestamp'] = body.committed_date;\n    output['Message'] = body.message;\n} else {\n    throw \"Cannot get project. Either your project name or authentication is invalid.\";\n}\n",
    "endpointLabel": "GitLab",
    "allowedEnvironment": "HOSTED",
    "accessibleByAll": "NotShared",
    "scriptStepType": "USER",
    "inputs": [
      {
        "id": "5090c387-c748-42b6-990a-1bdfa26fe5b4",
        "name": "Project ID",
        "helpText": "The ID or URL-encoded path of the project owned by the authenticated user",
        "defaultValue": "",
        "multiline": false,
        "required": true,
        "maxLength": 2000,
        "minLength": 0,
        "position": 0
      },
      {
        "id": "5b01ed58-60b2-4949-ac8a-543c5ab292d5",
        "name": "SHA",
        "helpText": "The commit hash or name of a repository branch or tag",
        "defaultValue": "",
        "multiline": false,
        "required": true,
        "maxLength": 2000,
        "minLength": 0,
        "position": 1
      },
      {
        "id": "6d4872b8-f849-4db2-94b5-a6a26ff77475",
        "name": "API Token",
        "helpText": "Personal Access Token from GitLab",
        "multiline": false,
        "required": false,
        "maxLength": 2000,
        "minLength": 0,
        "position": 2
      }
    ],
    "outputs": [
      {
        "id": "50747934-0760-4e58-913c-01d7349b477f",
        "name": "URL",
        "position": 0
      },
      {
        "id": "f59eed41-2c02-4c30-b6cb-6ff37bea3a68",
        "name": "Author_Name",
        "position": 1
      },
      {
        "id": "6654b8bd-7ee9-4531-a3d5-2ee6b8a0476a",
        "name": "Author_Email",
        "position": 2
      },
      {
        "id": "deedf819-0294-4ed7-aa79-8cfc8f733ef6",
        "name": "Timestamp",
        "position": 3
      },
      {
        "id": "87b0dd9c-7793-45a0-abed-b2df55aa96bf",
        "name": "Message",
        "position": 4
      }
    ],
    "libraries": []
  }
]