{
  "name": "Get Commit",
  "form": "cdc79d28-14c5-4232-ab51-70653ecec1f3",
  "blocks": [
    {
      "id": "0987221c-88f0-4998-8209-af543d9ee18c",
      "endpoint": "GitLab",
      "label": "GitLab - Get All Commits",
      "environment": "HOSTED",
      "presentation": "{\"w\":60,\"x\":170,\"h\":60,\"y\":170}",
      "step": "c2e960d9-2fac-46b4-8300-b62de7fee77c",
      "stepType": "SCRIPT_STEP"
    },
    {
      "id": "146d3007-c656-44a8-9968-ce9ed1e6d060",
      "endpoint": "GitLab",
      "label": "GitLab - Get Projects",
      "environment": "HOSTED",
      "presentation": "{\"w\":60,\"x\":170,\"h\":60,\"y\":340}",
      "step": "6032b558-855b-40b1-9b47-fa1a1b25d62c",
      "stepType": "SCRIPT_STEP"
    },
    {
      "id": "9002066d-3e84-484f-b045-75a588ffefe1",
      "endpoint": "GitLab",
      "label": "GitLab - Get Single Commit",
      "environment": "HOSTED",
      "presentation": "{\"w\":60,\"x\":170,\"h\":60,\"y\":0}",
      "step": "d9f5c515-e6cc-4365-9867-b9454cad52e4",
      "stepType": "SCRIPT_STEP"
    }
  ]
}